{"cameraMode":{"drawMode":0,"name":"Shaded","section":"Shading Mode"},"sceneLighting":false,"audioPlay":false,"sceneViewState":{"showFog":true,"showMaterialUpdate":false,"showSkybox":false,"showFlares":true,"showImageEffects":true,"showParticleSystems":true},"in2DMode":false,"pivot":{"x":5.800335884094238,"y":-6.517346382141113,"z":5.464601039886475},"rotation":{"x":0.369497150182724,"y":-0.06681372225284577,"z":0.02665780670940876,"w":0.9264464378356934},"size":7.534992694854736,"orthographic":false}