{"cameraMode":{"drawMode":0,"name":"Shaded","section":"Shading Mode"},"sceneLighting":true,"audioPlay":false,"sceneViewState":{"showFog":true,"showMaterialUpdate":false,"showSkybox":true,"showFlares":true,"showImageEffects":true,"showParticleSystems":true},"in2DMode":false,"pivot":{"x":35.633995056152347,"y":18.88191795349121,"z":-43.02631378173828},"rotation":{"x":0.05645260214805603,"y":-0.3946496844291687,"z":0.02430155873298645,"w":0.9167747497558594},"size":23.28289794921875,"orthographic":true}